{"sw_grid": [[0.37238004461059915, 0.7313088689473617, 0.9617137147938714, 1.146396057626332, 1.3051079027486134, 1.446470424466619, 1.5751780883960629, 1.6941248031613738, 1.8052445965419424, 1.9099060371695256], [0.46879870100532883, 0.9206633189882839, 1.2107258344249727, 1.4432271289264396, 1.64303350390362, 1.820998374769722, 1.9830317235831625, 2.132776765450645, 2.27266829709076, 2.4044292443318107], [0.5901825977117042, 1.15904644798111, 1.5242135196732955, 1.8169153075962317, 2.068456630493478, 2.292501128833482, 2.49648902921283, 2.685006867709985, 2.8611198717865336, 3.026997076550363], [0.7429958698579588, 1.4591530268131863, 1.918871132916941, 2.2873608518107122, 2.604032615322378, 2.886087927655285, 3.1428934791413834, 3.3802233766019607, 3.6019365127813376, 3.8107635410959073], [0.9353763814222961, 1.8369648251514956, 2.4157156311873997, 2.8796167022876578, 3.2782828325701665, 3.6333694327976036, 3.956668467453268, 4.255449106344893, 4.534569407609691, 4.797467060224363], [1.1775690961646021, 2.312601698955247, 3.0412057957702037, 3.6252226427368512, 4.127113564971146, 4.574141109385063, 4.981150479721602, 5.3572930185743655, 5.7086846587842635, 6.039653194361909], [1.4824716593051075, 2.9113930461731257, 3.8286512587908126, 4.563884908353031, 5.195728144302595, 5.758502479737221, 6.270896918892233, 6.744432319510752, 7.186808184863025, 7.603472884806026], [1.8663212441638646, 3.665226689548177, 4.81998636258948, 5.745590687629524, 6.541034193636688, 7.249525105620913, 7.894591485935179, 8.490737235157964, 9.047655453614375, 9.57220523257021], [2.3495592408491954, 4.614247019458411, 6.068003316365231, 7.23327012242473, 8.234674165783794, 9.12661137890596, 9.93870183737767, 10.689204870207305, 11.390323367713219, 12.050692414191733], [2.957919834820864, 5.808992829091688, 7.6391635738234696, 9.106147567491998, 10.366840565150154, 11.489722988474517, 12.51208430332013, 13.45691164297795, 14.339567536167088, 15.170922909941172], [3.7238004461059915, 7.313088689473617, 9.617137147938715, 11.46396057626332, 13.051079027486134, 14.464704244666192, 15.75178088396063, 16.94124803161374, 18.052445965419423, 19.099060371695256]], "sb_grid": [[0.0008322804246838761, 0.21122100085919293, 0.6441674382842419, 1.1894344153733893, 1.8048055921439317, 2.4691943250043717, 3.1703060319994543, 3.900240535624925, 4.653569347593386, 5.426374311609609], [0.0008322804246838761, 0.21122100085919293, 0.6441674382842419, 1.1894344153733893, 1.8048055921439317, 2.4691943250043717, 3.1703060319994543, 3.900240535624925, 4.653569347593386, 5.426374311609609], [0.0008322804246838761, 0.21122100085919293, 0.6441674382842419, 1.1894344153733893, 1.8048055921439317, 2.4691943250043717, 3.1703060319994543, 3.900240535624925, 4.653569347593386, 5.426374311609609], [0.0008322804246838761, 0.21122100085919293, 0.6441674382842419, 1.1894344153733893, 1.8048055921439317, 2.4691943250043717, 3.1703060319994543, 3.900240535624925, 4.653569347593386, 5.426374311609609], [0.0008322804246838761, 0.21122100085919293, 0.6441674382842419, 1.1894344153733893, 1.8048055921439317, 2.4691943250043717, 3.1703060319994543, 3.900240535624925, 4.653569347593386, 5.426374311609609], [0.0008322804246838761, 0.21122100085919293, 0.6441674382842419, 1.1894344153733893, 1.8048055921439317, 2.4691943250043717, 3.1703060319994543, 3.900240535624925, 4.653569347593386, 5.426374311609609], [0.0008322804246838761, 0.21122100085919293, 0.6441674382842419, 1.1894344153733893, 1.8048055921439317, 2.4691943250043717, 3.1703060319994543, 3.900240535624925, 4.653569347593386, 5.426374311609609], [0.0008322804246838761, 0.21122100085919293, 0.6441674382842419, 1.1894344153733893, 1.8048055921439317, 2.4691943250043717, 3.1703060319994543, 3.900240535624925, 4.653569347593386, 5.426374311609609], [0.0008322804246838761, 0.21122100085919293, 0.6441674382842419, 1.1894344153733893, 1.8048055921439317, 2.4691943250043717, 3.1703060319994543, 3.900240535624925, 4.653569347593386, 5.426374311609609], [0.0008322804246838761, 0.21122100085919293, 0.6441674382842419, 1.1894344153733893, 1.8048055921439317, 2.4691943250043717, 3.1703060319994543, 3.900240535624925, 4.653569347593386, 5.426374311609609], [0.0008322804246838761, 0.21122100085919293, 0.6441674382842419, 1.1894344153733893, 1.8048055921439317, 2.4691943250043717, 3.1703060319994543, 3.900240535624925, 4.653569347593386, 5.426374311609609]], "train_acc_grid": [[0.11236666887998581, 0.10975000262260437, 0.10441666841506958, 0.1076333299279213, 0.10436666756868362, 0.10533333569765091, 0.1050499975681305, 0.10525000095367432, 0.10281666368246078, 0.10396666824817657], [0.11236666887998581, 0.9507666826248169, 0.9422666430473328, 0.9172999858856201, 0.9209166765213013, 0.5378000140190125, 0.8891833424568176, 0.11046666651964188, 0.266566663980484, 0.10270000249147415], [0.9351500272750854, 0.9732666611671448, 0.9726999998092651, 0.9722333550453186, 0.9659333229064941, 0.9567333459854126, 0.9626500010490417, 0.9483500123023987, 0.9518666863441467, 0.9566666483879089], [0.9710833430290222, 0.9828833341598511, 0.979449987411499, 0.9776999950408936, 0.9744333624839783, 0.9699000120162964, 0.9702333211898804, 0.9652166962623596, 0.965233325958252, 0.9632999897003174], [0.9794999957084656, 0.9875333309173584, 0.9831166863441467, 0.9807000160217285, 0.9804166555404663, 0.9732000231742859, 0.9734333157539368, 0.9698833227157593, 0.969083309173584, 0.9645500183105469], [0.98580002784729, 0.9929333329200745, 0.9882833361625671, 0.982283353805542, 0.9784500002861023, 0.9754833579063416, 0.9695333242416382, 0.9674166440963745, 0.9670666456222534, 0.9612666964530945], [0.9905166625976562, 0.9926666617393494, 0.9873833060264587, 0.9801333546638489, 0.9751499891281128, 0.9701833128929138, 0.9639666676521301, 0.964033305644989, 0.958133339881897, 0.9557333588600159], [0.994700014591217, 0.9896666407585144, 0.9816333055496216, 0.9700000286102295, 0.9652833342552185, 0.9578666687011719, 0.9532333612442017, 0.9473166465759277, 0.9424833059310913, 0.9398166537284851], [0.9961833357810974, 0.9798166751861572, 0.9671333432197571, 0.9542833566665649, 0.9469333291053772, 0.942883312702179, 0.9356833100318909, 0.9293166399002075, 0.9283166527748108, 0.9220166802406311], [0.9954500198364258, 0.9640499949455261, 0.9475833177566528, 0.9365166425704956, 0.9292333126068115, 0.914816677570343, 0.900433361530304, 0.8905500173568726, 0.8855166435241699, 0.868066668510437], [0.9877833127975464, 0.9453666806221008, 0.9196000099182129, 0.8787999749183655, 0.8644333481788635, 0.8256666660308838, 0.7794166803359985, 0.10365000367164612, 0.10459999740123749, 0.7007166743278503]],